评论ID,客户类型,住宿时长,问题分类,评论长度,评论内容
2,普通客户,未知,"服务问题, 餐饮问题",183,酒店的硬件是不错的，毕竟才开没得两年。因为新，也是最近到乐山的首选。只是服务越来越差，也不能叫差，就是跟不上，因为人员太少。这么大个酒店，我第一次在酒店餐厅，早餐的高峰期看到，就一个服务员在服务。收桌，摆台，回答客人问题。员工再优秀，有分身术麻，也搞不赢麻。体验感非常的差。。生意难做，控制成本，是没的问题的。但是，这样搞，合理的人员配置都没有安排够，怕是难搞哦。。
3,家庭客户,未知,"服务问题, 房间设施, 餐饮问题",172,房间很好，环境很好，服务也不错，除了一开始到门外没注意看大堂在哪里（标识不太清楚~）各方面都超预期。中餐厅有个服务员服务意识不太行，但是中餐厅的餐品出品很不错！酒店里亲子活动区域建议明亮度高一些，太暗了对小朋友参加活动时候眼睛不好。餐厅好几位服务都超棒，吧台的小帅哥服务超级好，调酒也非常棒！下次再去乐山的话，首选还会是这里~就冲着酒都会再去~
4,普通客户,未知,"房间设施, 餐饮问题, 清洁卫生",132,"酒店设计感和低奢风格保持一贯水准，公区和房间细节爽心悦目。前台的妹妹们都友好专业，清洁没有死角，酒店楼下停车和迷你吧水果都比较加分。大门过于低调刚开始有点难找。

乐山小吃铺天盖地导致审美疲劳，没有在酒店餐厅吃饭有点遗憾。周边比较…开发区，走路600米有万达餐饮圈"
6,家庭客户,未知,其他,123,每次来乐山我和家人最喜欢住的酒店就是安珀啦！这次来有了新的调整，增加了一些亲子活动和手工，Spa和疗愈。之前的大堂改造了一下夜间变成了孩子们观看电影的区域，大人正好在后面酒吧喝酒，度假感有了！感谢一直帮我们协调和处理问题的小鑫和小帅，下次再见哦！
8,商务客户,未知,"服务问题, 房间设施, 餐饮问题",327,"先说好的吧。设施：很不错，迷你吧:很丰富，欢迎水果:很不错，环境：很好，应该是乐山排的上号的酒店了。
再说其他的服务：还需要提升，办理入住前主动帮拿行李这个是酒店最基本的服务意识，还希望加强培训。早餐种类略少，进去的时候只有一个人，工作人员反复告诉你我们要收餐了，反复到让人很不适，蛋烘糕的台子没有人，如果确实是摆设的话完全可以撤掉，然后我看了时间，不到10点半的时间陆续来工作人员了，来是做什么呢，..."
13,普通客户,未知,"服务问题, 房间设施, 价格争议, 管理问题",381,对贵阳安珀一直都很满意，专注于管家式服务，于是来到乐山首选安珀酒店，结果服务令我大失所望！而且让我体验到最低级的错误！爬完峨眉山回来在房间内睡午觉，睡到一半客房阿姨刷房卡进来把我和先生惊醒了，她说送什么东西 我说不要她还站在房间门口不走，我叫阿姨赶紧出去才关上门！这么打造高级的酒店连最基本的安全感都给不了客人。其实就当时被打开门那下感觉被触犯到觉得很生气后面就平静下来了，入住期间我出门时给前台不同...
14,朋友聚会,未知,"房间设施, 位置交通",160,非常顶的酒店，很惊喜在乐山居然有这种等级的酒店。虽然稍微里老城区远了一些，但周边商业其实也很成熟，有万达广场，去老城区也就20分钟车程，适合开车自驾的朋友，停车场也非常干净大气。酒店硬件非常新，装修风格是法式味道，床品和卫浴用品都非常好。唯一遗憾是这么新的酒店电视不能投屏有点落后了。不过瑕不掩瑜，下次来乐山还会再来住。
20,商务客户,未知,房间设施,113,百年安珀的法式浪漫体现在酒店的每一处细节上，房间布陈尽显法式情怀和中国古典美的碰撞交融，唯一不足是窗外的城景无法与酒店自身相映成辉。服务很有温度，在乐山这样的非一线城市，工作人员能主动问好，实属难得，不错的入住体验，可以一试。
26,商务客户,未知,"服务问题, 房间设施, 价格争议, 管理问题",1259,"一定要避雷这个酒店的spa 被坑的很惨
跟朋友来乐山玩 入住了安珀酒店  酒店入住赠送了500元spa代金券 今天下雨被雨淋到下午又无事 就预定了13楼的spa （打电话预定的时候明确提到有线上和线下的服务项目 到时候可以选一下）到店的了 工作人员介绍了项目 选择了定价1698的全身中式疏通经络spa 一直强调 线上线下有一些不一样（这个是重点！） 我也想着 打折后1198的spa在乐山 是怎么样..."
30,普通客户,未知,"房间设施, 清洁卫生",101,入住时发现房间门锁坏了，管家及时帮更换了房间，稍微尴尬一下。酒店设施比较新，有一定品质。喜欢那些四川特色的挂画，趣味盎然。缺点是卫生间马桶噪音较大，光线刺眼，空间偏小。床不太舒服，空调对着床吹，遭不住。
34,普通客户,未知,房间设施,117,"硬件有投入！大门和前台的设计都是有质感的很高级。房间装修风格简单大气，床品布草质量高很舒服！
服务很用心！管家小帅帮我们解决了所有问题，还提供了很贴心的服务，一次性浴缸罩，水果 甜点 夜宵 水都准备的很到位！
比肩甚至超越五星级的标准"
35,普通客户,未知,"房间设施, 餐饮问题, 清洁卫生, 预订问题",158,酒店管家提前电话沟通，还给我们免费升级了房间，入住体验感提升，房间设施很新，干净卫生，戴斯吹风机，咖啡机，智能马桶该有的都有。酒店地下车库停车方便，入住期间每天赠送迷你吧和水果，晚安迷你小点心。早餐环境安静，服务很好，早餐主打精致，品类有限，口味不错，电视机略小且无法投屏，有点遗憾，退房后前台赠送了一份零食小礼物。
39,普通客户,未知,"房间设施, 餐饮问题",175,这是这次旅行最满意的一家酒店。设施非常高档和新，风格也很独特和简约。服务人员每个方面都没得说，非常友好和主动。房间条件很好，干净整洁，床是我睡过的最舒服的。智能马桶和戴森吹风机等等也提高了入住体验。隔音也非常好。早餐选择多，质量很高，也没有过分追求花样。住了五六天，每天都很满意。下次还会来这里住。唯一的遗憾是健身房略小，没有游泳池这些。但瑕不掩瑜。
41,普通客户,未知,"服务问题, 房间设施, 预订问题",116,房间设施什么的都ok，对的上这个价位，就是当晚办入住酒店前台人员服务态度差，预订前酒店主动和我沟通协商的房型说的预留，到店后以满房为由，未提供任何解决方案，同时旁边有位住客办理入住房型已满给的升房的方案，不晓得是啥子原因差异这么大。
44,普通客户,未知,"房间设施, 餐饮问题",131,酒店设计很独特，房间地面都是大理石的，很有格调，看得出来老板在设计上是下了功夫的。这次没有预定早餐，下次有机会来品尝早餐，听说很不错，有乐山特色小吃。特别表扬一下前台小娟和小方，从预定拜访到办理入住以及住店期间帮忙解决各种问题，都彰显了服务的专业以及热情的态度。
45,朋友聚会,未知,"房间设施, 位置交通, 清洁卫生",191,"优点：干净卫生，法式装修，说实话超出了我对乐山地区酒店的预期，对特殊要求也很关注，服务态度好，喜欢，肯定会再来住的，也会推荐朋友来乐山玩就住这家
缺点：1.离市区较远，不过打车方便便宜20分钟20块左右
2.外卖没有小机器人送货，只能自取
3.空调稍微有点吵
4.还有就是WiFi密码藏的太深了，建议入住的时候跟客户提示一下，我自己问了，退房时也听到有客人打电话到前台询问
展开更多"
46,商务客户,未知,预订问题,181,"这次以纪念日选择入住，没想到惊喜从预订那一刻就开始了！提前告知行程后，酒店不仅贴心布置了客房，还准备了精致的红丝绒小蛋糕，浪漫氛围直接拉满。
办理入住时，前台小杨细心又热情，全程微笑服务，让人倍感温暖。退房时还收到了一份精美的伴手礼，这份心意实在难得。
安珀酒店工作人员的用心，让我们的纪念日充满了仪式感。这样注重细节的服务，一定会让我们再次选择这里。
展开更多"
47,普通客户,未知,"房间设施, 价格争议, 位置交通",76,据说是乐山目前最贵的酒店位置没有华邑哪么热闹但边上也有万达广场小众设计师酒店服务各方面还蛮好的房间也很大餐饮口味都做的不错属于少而精管家服务也挺到位的。
49,普通客户,1晚,"房间设施, 清洁卫生",151,"非常 非常棒的酒店，在上海能买2089一晚。
房间干净，minibar脱脂奶给好评，还有漱口水，但是牙膏有点难挤
公区非常厉害，有一个影厅晚上在放柯南，看得很开心，不同时段有各种活动
健身房边上的卫生间门口还有一个黑胶唱片机和一面黑胶墙
服务非常周到，check in有送饮料，小帅小郭非常好，有求必应"
50,商务客户,2晚,"房间设施, 餐饮问题, 预订问题",132,"两晚的入住整体感受非常好！
管家小方姑娘全程服务热情周到，无处不在的体贴服务。接送站的祝师傅和袁师傅驾驶技术好、服务好、前台小姐姐礼貌接待速度快。入住的第二个房晚预订了含早房间，没让我们失望，早餐味道不错，餐厅的工作人员也都热情细致。
这是一次让人满意的入住体验！"
53,普通客户,未知,"房间设施, 餐饮问题, 清洁卫生",249,"酒店整体很不错，房间很有设计感，洗漱台和浴缸在房间一左一右，去房间感觉有个客厅一样，卧室在在里面，有分区，特别亮点是，浴缸的水很大，放水非常快，洗漱用品品质不错，意大利进口的，有点小奢的感觉。卧室床头背景墙用的浅绿，对面墙上有屏风对称呼应，采用宋式风格，现代与传统的结合。地板用大理石地砖，加仿木地板，有点别致。
酒店很注重细节，连公共卫生间都用心，放有一次性漱口水，门口放有美式书架，还有唱片播放，..."
58,普通客户,未知,"房间设施, 餐饮问题",48,酒店很大气，服务也很好，房间宽敞整洁，设施全。美中不足的是早餐厅比较小，光线较暗。总体比较满意。
61,普通客户,未知,餐饮问题,84,第二次入住乐山安珀酒店了，每次来乐山玩的首选酒店。服务还是一如既往的好，特别感谢管家小方和小帅，入住期间有任何问题，都回复得超级及时。早餐还是超级丰富，入住体验非常好👍
62,普通客户,未知,"房间设施, 餐饮问题, 管理问题, 清洁卫生",268,"整个酒店服务都不错，设施设备也很新，房间卫生做的很干净，提供的一次性东西，下午茶都不错！这些是加分项然后
说几点小意见第一电视不能投屏，这是一个现代化酒店该有的配置第二送的整个的水果没有配水果刀，当然出于安全的考虑，但是那就应该配不用切的水果，这个小细节，可能很多人没有注意到第三早餐的水果橘子太酸了，叶儿耙不好吃，这个你们外面买的，而且作为乐山特色，是不是应该选个更好吃的，烧麦也是外面买的，你们有..."
70,普通客户,未知,"餐饮问题, 位置交通",100,前台小娟小方服务热情，有需要联系前台很快就送来了，不错。酒店设计整体不错，看得出老板花了心思的。缺点就是没有洗衣房，没有外卖机器人，有点不方便。时间原因没有去体验酒店早餐，据说不错，下次有机会去体验。
71,普通客户,未知,"房间设施, 价格争议, 清洁卫生",132,"卫生：卫生确实做的很不错
环境：环境看得出来很用心 连去酒店的接站路线也是老板精心挑选
服务：服务美中不足 忘了晚上的甜品 第二天联系管家后也立马补上并送了小礼物
设施：这个只能说及格吧 毕竟在乐山他的价格摆着。
总的来说 来乐山这起码不踩雷不照骗。太多照骗小酒店"
77,商务客户,未知,"房间设施, 餐饮问题, 位置交通, 清洁卫生",59,房间卫生干净，装修简洁，位置离市中区较远，适合商务入住，不太适合旅行入住，前台服务好，早餐样式较少，酒店周围环境一般。
81,普通客户,未知,清洁卫生,81,环境卫生各方面都很不错，也会有小点心和水果，还会准备一些饮品，都很不错；唯一的小缺点就是没有机器人上门，晚间碰上只有一位值班就只能自己下去拿，希望以后可以改进一下
90,朋友聚会,未知,"服务问题, 房间设施, 价格争议",325,"二月份去的了，当时是为了过情人节。结果化妆灯带是坏的，房间有点闷，尤其是晚上泡澡的话，由于水温的缘故房间会闷一些。定房是买的套餐送了红酒和浴球之类的，送的也不期待有多好，但是红酒确实喝不下去只尝了两口。
最生气的，我和女朋友正在床上看电视，服务员直接就进来，把我俩吓了一跳。说是敲门里面没有答应就进来了，简直无语死了。我们完全没有听见有人敲门，这个价位的酒店不知道在搞什么。当时才六点半来送晚安前的银..."
93,普通客户,未知,位置交通,66,精品酒店，在乐山有这样的酒店很惊喜了。位置略差，适合租车出行的游客。退房时送了小零食和白兰花，正好挂在租的车里很香。 遗憾没有泳池。
99,家庭客户,未知,"房间设施, 餐饮问题, 位置交通, 预订问题",391,"这次带家人来乐山游玩，选择了乐山安珀酒店从入住到离店的每一刻都充满惊喜！  
📍位置优越：
酒店位于乐山新城区，坐车到张公桥美食街只需19分钟，打车去 乐山大佛景区也只要18分钟，周边购物、吃饭超级方便！  
🏨房间体验：
落地窗傍晚能看到夕阳下的乐山城景。房间设计融合了现代与中式美学，床品舒适度高，迷你吧的饮品小食也很丰富。浴室配了 智能马桶和 高端洗护用品，细节满分！  
💁服务贴心：
前台小..."
100,普通客户,未知,"房间设施, 餐饮问题, 价格争议, 清洁卫生",393,"设施：不错，浴室的花洒🚿水量很小不如翰文酒店的淋浴感觉，花洒一看就有问题。
卫生：还可以，打扫房间的美少女把抹布遗落在房间呢，这个没啥，房间的浴巾发黑，让更换了，第二次拿的还可以。
环境：环境还可以
服务：办理入住时服务态度不错，但是离店的时候前台美少女毫无笑容，我想倒杯热水，她说对面自助餐厅，你去那里接吧。服务态度确实堪忧。管家的服务还不错，但是最后问我们要好评也是绝了，好评是有感而发，并不是你..."
105,普通客户,未知,"房间设施, 清洁卫生",122,"周边配套尚在完善中，但酒店内部的设计、房间物品、服务都让人眼前一亮。
大堂和前台满满的设计感，整体色调偏暗但又不失温暖，艺术氛围拉满。
房间内处处见细节，洗漱到个人卫生护理用品都是高配，给到了不少小惊喜。
对景点距离要求不高的强烈推荐此处😁😁😁"
108,商务客户,未知,"房间设施, 价格争议",189,在乐山市区来说，是顶级的存在。从入住开始就有管家送到房间，随时需要微信呼叫即可，外卖是工作人员直接送到房间。min bar六种饮品免费，企鹅每天可以全部补充一次，开夜床服务就不说了，每晚送甜水且很好喝。以前来乐山住过高新瀚文、嘉州锦江、华邑，和这些对比不管是装修、硬件、服务各方面，明显拉开了差距。在乐山是一个小众、精致的存在，我觉得独一无二，且价格对于安珀这个品牌来说比较低。
112,普通客户,未知,房间设施,69,设施：住了那么多大大小小的酒店，第一次遇见只有新风系统没有空调的酒店，没有热风也没有冷风，30度的天气入住房间热死，冬冷夏热……体验感太差
113,普通客户,未知,"房间设施, 位置交通",62,"环境：远离景区，整体比较安静，但是离网红美食有点远
设施：比较新，可以选择
服务：略显生硬，有一些问题不能解决，但是整体还行"
122,普通客户,未知,"服务问题, 房间设施, 餐饮问题, 位置交通, 预订问题",353,从订房开始有管家对接确定入住时间，安排专车接站服务，接站的小姐姐很早就在高铁站门口等着，非常热情，入住期间管家小帅尽职尽责有问必答，有什么小问题也第一时间进行协商和处理，客房服务员也很好，打扫得很干净，有夜床和睡前甜点minibar有好几种饮品，还有胶囊咖啡和茶，每天都有新鲜的水果。早餐很精致，食材用料新鲜不是预制的，吃得慢有位类似经理的男士专门来询问是否不合胃口可以重做，下午茶甜点师很棒，出品漂...
123,普通客户,未知,"位置交通, 预订问题",73,"乐山不错的一间酒店，法式风，比较新，距离高铁站不远，服务也很棒！前台小方和管家小郭，升房和细致服务。
不足就是离市区稍微有点远，对面是个在建医院。"
126,普通客户,未知,房间设施,90,"乐山之行的一大惊喜～酒店很有设计感，处处都透着小心思小细节，美得很特别！公区、房间、备品、管家都可圈可点，值得再次选择。
But 大堂不好找、淋浴间偶尔会有滴水声，还是需要改进的。"
128,普通客户,未知,"房间设施, 餐饮问题, 价格争议",144,"很一般.淡季999的价格.这个房间我还是很失望的.房间设施设备很普通4星酒店差不多..早餐一般.
迷你吧:就可乐.雪碧.椰汁水
欢迎水果:2个梨 其中还坏一个.2个圣女果.2颗杨梅.2个枇杷也是坏的..
早餐品种也少.反正就很一般 不值这个价.下次不会选择这个酒店了…
而且酒店大堂也小."
130,单人客户,未知,"房间设施, 位置交通, 管理问题, 清洁卫生, 预订问题",665,酒店位置比较偏好处就是安静，硬件设施是及格的，比较新卫生那些也还行！但是就服务而言，完全无法称之为一个合格的品牌酒店，更别说什么高级奢华酒店！提前好几天预定的房间并且专门发送入住需求给酒店，酒店还及时回复确认了，提前一天酒店还打电话来再次确认到店时间和特殊需求，当时还觉得挺靠谱！结果到店才是道啥叫离谱，首先酒店连个落客区都没有，得路边上下车走进去，一个小门厅进去有个牌牌写着去L层办入住，黑漆马虎的...
133,普通客户,未知,房间设施,118,酒店设计感爆棚，服务更暖心！超满意这次入住！酒店设计前卫时尚，设施新且智能，体验一流。前台小帅和小娟的服务必须给满分！热情、高效、专业！入住/退房丝滑流畅，主动介绍设计特色和酒店服务，笑容灿烂，有求必应，让整个旅程都舒心不少。强烈推荐！
137,家庭客户,未知,"房间设施, 管理问题, 清洁卫生",75,离高铁站近，出行方便，周边吃食选择多，应该是乐山最好的酒店之一。适合习惯商务出差、高要求的个人，带娃家庭，安全、贴心，房间大、卫生整洁，服务有小巧思。
141,普通客户,未知,其他,68,难得来乐山旅游，选对酒店很重要，这家酒店没有让我失望，前台小赵和小颖态度很好，有问必答，酒店设计很有品味，住宿体验感满分，下次还会再来!
143,普通客户,未知,位置交通,33,除了离景区稍微远些，其他几乎没有缺点。前台的小郭和小赵也很nice
145,普通客户,未知,"房间设施, 位置交通, 清洁卫生",342,"卫生：整个酒店都弥漫着一股淡淡的清香，有点像花香，闻起来很舒服，同时房间打扫的也非常干净
设施：整个酒店从装修到备品都很有高级感，让人觉得这才是高档酒店应有的样子。
环境：地处新市中心（出租车司机这样讲的），去几个旅游景点（如乐山大佛、苏稽古镇）都不算很远。所有客房基本上都在高楼层，夜里休息非常安静。
服务：服务没得说，欢迎水果什么的都不必多提，每一间客房都有小管家服务，可以给你提供旅游攻略，可以..."
146,普通客户,未知,房间设施,137,谢谢小帅！谢谢小娟！在乐山安珀入住很愉快！房间干净整洁简约舒适的同时，服务非常值得称赞！遇到小问题反应非常迅速，我们打算去峨眉山转一天，小娟也非常了解游客中心和大巴相关信息。退房后发现忘了耳机在房间里，小帅也耐心地帮我找到，并帮我寄出。细致周到，妥妥当当，宾至如归，点赞！！
148,普通客户,未知,"房间设施, 餐饮问题, 价格争议",100,酒店装修蛮新~服务也很热情~早餐很好吃~性价比挺高的~同样标准的酒店估计去其他城市价格至少要贵一半~就是房间的空调太难懂了~明明晚上挺凉快但是每天早上都是被热醒~另外建议矿水换个包装吧~不是很好饮用~
160,普通客户,未知,其他,37,服务周到，特别是小杨和小帅，因睡眠不好，大晚上还亲自送眼罩上来，有家的感觉
164,商务客户,未知,房间设施,169,这家酒店给我留下了非常深刻的印象，酒店的服务非常棒，一进门就感受到宾至如归的温馨，房间很宽敞干净，服务态度也很好，非常喜欢这家酒店的氛围，安静、雅致，让人可以放松身心。司机小祝和前台小颖细致周到的服务让人印象深刻，小黄经理的介绍十分全面。还有就是这家酒店让我惊喜不断！房间装修精美，设施先进，而且服务态度极佳。非常适合商务出差和旅游观光。
178,普通客户,未知,"房间设施, 餐饮问题, 清洁卫生",155,应该是乐山最好的酒店了。本来住在另外一家景区里的酒店，也是携程五钻但卫生实在堪忧，所以就换到这家酒店。酒店的设计装潢很有风格，服务态度特别好，还有专门管家，有什么问题可以给管家直接发微信，外卖也能帮你拿上来，真的是太周到了。房间里喝茶很惬意，晚上还送了小蛋糕，很好吃。酒店早餐也不错，推荐！下次来乐山还住这里！
182,普通客户,未知,"服务问题, 房间设施, 餐饮问题",108,确实是乐山酒店天花板，标准的五星级！很精致，尤其是早餐，品种不算特别多但是很精致，牛肉面，蛋烘糕，都很好吃！房间有胶囊咖啡机，城景房虽然风景不行，但房间大！服务意识强态度好！伴手礼暖心，唯一的缺点是晚上洗澡水不够热。
189,商务客户,未知,"房间设施, 餐饮问题, 管理问题, 清洁卫生",475,法式浪漫与乐逸山水的完美结合，除了周边配套不够齐全，酒店正门不够明显，其他可以称得上是乐山酒店界的天花板。工作人员会提前和客人联系，前台提前办理了入住，并陪同到房间细致讲解设施使用方法，退房的时候前台妹妹小黄、小雨还送了酒店伴手礼🎁进入房间让人眼前一亮，桌子上手写的卡片诚意满满，落地窗的设计使房间宽敞明亮，即便在阴雨的天气，室内也不会太过昏暗；设施布局合理，府邸管家小帅、小袁服务热情且贴心，入住的...
190,家庭客户,未知,"房间设施, 餐饮问题, 预订问题",197,差点忘记来赞👍。终于在乐山找到了有颜又nice的酒店～～～酒店很新，法式风格，从进门开始到前台到房间到早餐餐厅，一股子精致感～～服务人员也很nice，从入住前就有管家小代、小帅提前沟通联系，详细询问，前台的小颖很不仅一路送我们到房间，还给我们推荐了当地美食，退房时还给每个孩子赠送了可爱的伴手礼，地下停车场也有充电桩可以满足电车出行，总之是很愉快的一次入住！下次到乐山逛吃的时候，还会选择安珀👍
204,商务客户,未知,房间设施,87,配置一般，服务一般，房间内啥也没有也要收你1000多的押金！去前台办理入住的时候，三个工作人员围着一个电脑等你排队慢慢等！旁边那个电脑就是不愿意有人去给办理！以后不会再去了！
212,朋友聚会,未知,"房间设施, 餐饮问题",117,这次入住体验非常棒！前台的小鑫服务特别热情，办理入住时微笑亲切，耐心解答我们的问题，还给推荐了周边好吃的餐厅。房间干净整洁，床品舒适，住了一夜好眠。大堂设计也很漂亮，灯光温馨，整体氛围让人感觉很放松。会推荐给朋友，下次来一定还住这里！
224,普通客户,未知,"餐饮问题, 位置交通",264,这次去乐山旅游，花了很多时间选了这间酒店，总体来讲是没有达到预期的。硬件整体来说不错，服务这块相较丽晶、洲际这些还是存在比较大差距。简单讲几个点吧：1. 晚上睡觉时每隔一段时间有电流声，因为有宝宝告知管家已经休息了麻烦管家排查下，后面宝宝睡觉后来敲门 2.离店后管家讲有个衣架没有找到，实际上晚上用了只是挂在浴室门口，应该不算多隐蔽的位置吧 3.迎宾水果如果不是很新鲜的话建议取消，反而拉低评价； 也...
226,普通客户,未知,"房间设施, 餐饮问题, 清洁卫生",164,"设施：硬件一流，酒店造价1个亿以上，单房造价60万。

卫生：2023年新开的，卫生表现非凡。

环境：酒店坐落在住宅小区附近，景观差了点，但是好在店内环境很不错。

服务：一对一的管家服务，感觉服务人员比客人多，外卖给你送到房间。进出和退房都接送陪伴。

茉西餐厅双人午市套餐或下午茶（2选1）:酒店的西餐出品一流。
展开更多"
228,普通客户,未知,"房间设施, 餐饮问题, 价格争议, 位置交通, 管理问题",155,"安珀的设计、酒店设施、服务质量都远超期待！
酒店位置虽然不在最中心地段，周围目前还处于开发建设阶段，但是进入酒店内部根本不需要为外界这些纷扰担忧；酒店细节处的鲜花花艺也彰显品味。
早餐种类繁多，品质优良；随赠的午餐也是精致美味；健身房虽小，但也设备齐全，干净整洁。

真的是性价比很高的一次住宿体验！
展开更多"
237,普通客户,未知,"房间设施, 餐饮问题, 清洁卫生",192,私密性强，人少安静，服务比同类型同价位酒店例如英迪格贴心许多，早餐的美式口感不错，原本对附送的午餐没报什么期待结果也还可以，分量不多更像brunch，早一点吃完留点肚子下午再去城里炫小吃就很合适。房间内部中规中矩，胜在有咖啡机，操作简单快捷成功安利了懒人立刻购入了一个把家里需要清洗的老机子淘汰。美中不足是周围施工工地有点多，以及卫生间洗漱台没有专门的化妆镜。下次想来乐山吃东西会来。
243,普通客户,未知,"房间设施, 餐饮问题",135,这家酒店的服务非常周到，设施服务都达到了国际连锁的要求，在乐山这样一个充满了各种网红坑人民俗的城市里很难得。特别要感谢服务管家小代小帅和前台小赵，他们非常热情友好，帮我们解决了很多问题，还送了一个可爱的玩偶小羊。酒店的早餐非常丰富并且都是乐山本地小吃，给酒店打五星好评！
250,普通客户,未知,房间设施,51,这酒店的品质一直很高，不管的酒店装修还是服务一直都很好，这次也没有让我失望，就是这次住的房间稍微小了点
253,商务客户,未知,"服务问题, 房间设施, 餐饮问题, 预订问题",381,第一次入住乐山安珀酒店，总体的感受还是不错的，硬件方面房间内的设施都挺新，胶囊咖啡机很给力，卫浴设施也很满意，整个房间的感觉设计都很舒服。然后来说一下服务，前台工作人员很热情，提前一天就有管家联系确认到店入住时间和对房间的要求，到店后前台的小赵和小娟两位热情地为我们服务，很是周到。最后再来讲一下餐饮：这个部分是对安珀这次比较失望的地方。首先，可能是因为入住率不高，早餐可选的种类并不丰富，而且某些食...
260,商务客户,未知,"房间设施, 餐饮问题",323,"乐山安珀酒店提供了一次难忘的入住体验，将现代舒适与传统热情完美结合。酒店周围环境宁静，是放松身心的理想选择。房间宽敞明亮，装饰高雅，设施先进，确保了每位客人的舒适和便利。早餐简而精，包含当地特色小吃，晚上开夜床会送上小点心和水果，迷你吧也是免费的。
值得一提的是酒店的管家服务，管家团队表现出了非凡的专业素养和对客人需求的深刻理解。从高铁免费接站，美食游乐推荐到天气提醒，他们的服务既细致又周到。管家..."
270,普通客户,未知,其他,25,特别提醒：这里的西餐西餐差到极致，牛排完全啃不动！
274,家庭客户,未知,"房间设施, 清洁卫生",164,"酒店适合商务出差下榻还不错，私密度高。不太适合亲子旅游下榻，因为也没啥亲子可互动的场所(光线也不太明亮，不适合小朋友)。

新酒店，房间硬件很好。干净卫生，床品赞，睡得舒服。洗浴硬件包括花洒都赞。但是还是有点新装修的气味。

酒店服务人员还是比较专业，热情。

周围大环境没啥亮点，纯游玩来看，地理大环境其实比较鸡肋。
展开更多"
283,普通客户,未知,房间设施,132,管家小郭入住前提前联系为我们安排好接送站，入住时小娟早早准备好了房间，房间还为我们做了一个升级真的很贴心，始终保持微笑，入住之后小赵也是有什么问题随时联系，负责接送站的小党也是非常有耐心，很好；这次安珀旅行入住的很舒心很开心，非常感谢你们，下次来乐山继续选择安珀。
290,普通客户,未知,"餐饮问题, 位置交通",134,虽然入住的时候酒店大门正在改造，办理入住有些不方便，但是这点小小瑕疵完全被前台小赵和管家小郭的热情服务消灭。入住当天下午大门改造完毕，管家也是在第一时间联系告知，避免绕路，很贴心。这是一次很愉快的入住体验，早餐很不错，晚安甜品也很美味，下次来乐山还会选择安珀，点赞👍🏻
297,普通客户,未知,餐饮问题,64,法国有名的酒店品牌。酒店很有设计特色，服务很有水准，酒店和餐厅在硬体上没有可以挑剔的地方。乐山可以住到这样的酒店，很难得的体验。
304,家庭客户,未知,房间设施,440,"春节期间，一家老小因乐山大佛而来，不吐不快:
1.酒店的硬件设施确实做得不错，设计应该花了很多心思
2.办入住，前台小姐姐很热情，一家人也很开心住到一个温馨的酒店
3.夜里九点半左右给孩子洗澡，一直是半凉的水，给前台电话，告知洗的人太多热水用完了，需要等半小时，于是赶紧把小孩擦干抱床上等热水来
4.等了半小时还是凉水，于是又等了半小时
5.过了一个小时后还是凉水，给前台电话，说工程队还需要十分钟左..."
305,家庭客户,未知,"房间设施, 餐饮问题, 位置交通",183,不喜欢华邑的风格，通过携程搜索，发现乐山安珀，被种草，就预定下来。提前管家打电话联系入住注意事项后入住顺利，有停车场，房间比较大，装修是喜欢的风格。入住有欢迎卡片及水果，非常贴心。枕头比较舒服，带小朋友加被子也很顺利。枕头合适，睡眠舒服，周围环境安静。早餐有乐山小吃，不错。还是提醒一下，浴缸就在门厅中，没有门及隔断。还有酒店距离美食街较远。喜欢热闹的不用考虑这儿。
315,情侣客户,未知,餐饮问题,149,第一次写酒店点评，细节很感人，从办理入住到退房，一整个服务体验很好。不管是酒店的品质，还是公区的改造，都很好。睡了懒觉还特意上门送了早餐，退房的时候还给了小礼物伴手礼。真的很久没有住到服务这么好的酒店了。仪式感大满足😌，过来刚好过七周年纪念日，唯一的遗憾就是没有拍什么图片，下次来乐山还会再来入住。
324,普通客户,未知,房间设施,170,选择这家酒店是在线上看重了这家酒店的颜值，入住前管家就提前加微信，了解了我的需求，安排了停车位！服务上没有话说！入住时，酒店的装修品质映衬了高级感，设施设备都很好！还有心的设置了欢迎小卡片！唯一美中不足的就是外部环境，很一般，和酒店的颜值完全不匹配，矗立在一堆品质一般的小区群里面，也没有什么景观，推开窗就是工地，环境上和安珀的定位相差太大
330,普通客户,未知,位置交通,48,这是入住的第二家安珀，离高铁站更近一些，如果想吃吃吃，就挺远的。 仅有一次的乐山安珀入住经历了吧
349,普通客户,未知,其他,18,非常开心又回来入住啦，谢谢小方和小帅
355,普通客户,未知,"房间设施, 餐饮问题, 位置交通, 预订问题",372,"非常非常好的宝藏酒店！预订的时候看照片以为是快捷酒店那种又粉又绿的廉价装修…结果到了才发现完全不是好吗！堪比瑰丽丽思这种级别的硬件设施，装修非常有质感，从电梯框到大堂到餐厅到房间，无一不体现着质感和品味，体验感太好以至于不舍得离开…希望安珀能越做越好，始终保持这种高水准，期待在越来越多的城市见到这个品牌！
另外还要重点好评两位前台员工（Lola和管家Lip中文名可能是Xiaoyuan？）我们入住的..."
357,普通客户,未知,其他,78,这家酒店是我盲订的。结果真的让我太惊喜咯。从进酒店开始。真的不管是服务还是环境。真的很好。想来乐山的耍的小伙伴。这家不会让你失望。我以后来乐山都只住这家咯。
358,普通客户,未知,"房间设施, 餐饮问题, 价格争议, 清洁卫生",448,"环境：新发型的一家酒店，五一刚营业，进门像一个暗门酒廊的感觉，放满了花瓶和鲜花，电梯到达前台后是电子屏幕和沙发，更像设计师家里的客厅，氛围感拉满；另一个分区就是餐厅和室外露台，健身房在同一层，泳池暂时还没修建好有点可惜，公共区是我喜欢的风格～
房间就是明显卧室和浴室的分区，干湿分区，浴缸和化妆间的分区，卧室内有木门进行隔离，隔音效果非常好，整体像写字楼改造的酒店，不算大但装修很新。

卫生：才装修..."
363,普通客户,未知,"服务问题, 预订问题",93,"酒店装修风格不错。
管家服务太差，服务态度差，不耐烦，回复说话很冲，难以想象是星级酒店的员工言行。
时候负责人来沟通，说什么以后大家都不会见面了不必在意blabla，这沟通水平也是服了。"
366,商务客户,未知,"房间设施, 餐饮问题, 价格争议, 清洁卫生",578,"第一次和同事两人到乐山出差并借此机会游玩一下，抵达乐山火车站才临时订的酒店。一般我都会预定新的和品牌的酒店（因为卫生、服务、配套都比较有保障），浏览了一圈平台意外发现了乐山安珀酒店，急忙订了一个双床房。
看了酒店介绍才知道是一个有一百年历史的法国品牌，未入住光看评论和照片已经满怀期待了。
酒店离火车站很久十分钟车程就到了，到达酒店时门口就给人一种气派又神秘的感觉，迎宾带我们到四楼checkin，和..."
368,普通客户,未知,其他,41,整个酒店艺术气息很浓，在乐山能住到这么舒服的酒店很难得，前台小郭管家小娟服务态度好
376,普通客户,未知,"房间设施, 餐饮问题",129,房间很好！有管家对接， 唯一不足的是暖气不够，走的时候也充分询问了我们的意见，餐厅的早餐精致有特色，当地的跷脚牛肉， 蛋烘糕，钵钵鸡都有。 整体的布置很温馨舒适，矿泉水是环保包装，mini bar的峨眉雪真的是一秒很惊喜， 到房间保温杯装的银耳汤很温暖用心。
392,商务客户,1晚,房间设施,151,到乐山出差，原本计划完成工作回成都，但是工作没有做完，临时决定在乐山住一晚，刚好在万达附近搜到这家酒店，想着尝试一下，没想到酒店设施设备可以说是乐山酒店的天花板，服务也超级好，为我办理登记的Beata和Amy小姐姐都超级热情，入住期间竭尽全力的满足我的需求。如果下次有机会再来乐山，安珀一定是我的首选。
415,普通客户,未知,"服务问题, 房间设施, 餐饮问题, 清洁卫生",241,"总体感觉物超所值。酒店设计非常漂亮，很有品味，细节非常有档次。客房水平一流，设施高级，床品舒服，卫生干净，提供的用品都不错，能看出很用心。欢迎水果新鲜种类丰富，早餐一级棒，特别是西餐类的很好吃，各种小吃都有，淡季出品会减少一些。
可能是新开业的关系，客房人员的服务水平有点参差不齐。一线员工的服务意识和水平还要加强，某些员工比较僵硬冷漠，很可惜。后来经理回访态度非常好，相信他们一定会改进。在乐山这个..."
417,普通客户,未知,"房间设施, 餐饮问题",107,酒店很有设计感，房间也很新，细节都做得不错，超级喜欢他家的柠檬水，前台还专门做了一瓶柠檬水送到房间，真的有心了！本来对酒店早餐很有期待，第一天下去比较晚，有的东西没了，第二天是点单模式，就减少了好多东西，有点遗憾！
423,商务客户,1晚,"房间设施, 价格争议, 位置交通, 清洁卫生",545,"1、酒店服务极差。订了两间房间，中午2点到酒店办入住，前台理直气壮的说卫生打扫不过来，让我们一行人自行在大厅等待，（酒店大厅非常小，等房间的人特别多，沙发上都挤满了人）一直等到下午5点在我们的强行要求下才勉强仅收拾了一间房间让我们一行人先落脚。期间没有任何工作人员提供任何服务，甚至连水都未提供喝的。工作人员都是能敷衍就敷衍，且没有任何歉意，要是不态度强硬些，指不定要等到晚上去。
    2、所谓的..."
428,普通客户,2晚,"服务问题, 房间设施",161,订了两间两晚，第一天入住刚打开房门一股难闻的抹布水味道，放了台空气净化器稍微好点。第二天上午离开酒店的时候跟管家说了麻烦两间房打扫下，结果下午四点多回来发现两间房依旧没打扫，然后继续催了两三次依旧没人来打扫……不要说因为假期人手不够这种说辞，所有酒店都是这样啊，服务跟不上就不要找藉口。体验感真是不舒服，下次也不会再来了。
439,普通客户,未知,房间设施,129,已经是第四次入住了 各方面都很好  因为睡眠不好 所以对酒店的隔音各方面都比较挑剔 但这里给了我家的感觉 很安静 不被打扰 服务很好 需要什么管家服务基本都能满足  前台的小赵和小颖也是很贴心 入住前反复确认了对房间的要求 退房后还关心入住体验  真的很贴心
453,商务客户,未知,价格争议,32,很一般。服务态度和贵阳安珀完全没发比。前台工作人员没有一丝笑容。
468,普通客户,未知,"服务问题, 餐饮问题",428,从进门开始就有那位司机师傅引导我们进去，服务态度真的非常好，他全程帮助了我们拿行李，带我们到大堂。入住后酒店真的非常舒适也很干净，有私人管家帮助我们，欢迎水果也不错，很喜欢那里的矿泉水，包装很特别，我很喜欢。后续点的外卖私人管家都会帮助我们送上来，那个戴眼镜的小哥哥服务态度也很好，酒店所有的员工的服务意识也是好的，由于前一天晚上太晚离开健身房没有找到大门，后续管家和经理也马上解决了这个问题，不过还...
479,普通客户,未知,其他,48,管家小代态度很好，及时补充了欢迎水果，前台小郭解答疑问很细心，但遗憾未能延时退房，春节大假理解吧
558,普通客户,未知,房间设施,73,体验感不错，离万达很近周边吃美食也方便，房间专门有化妆镜 还有免费的饮品 很贴心 前台服务也很好 尤其是小鱼 很有耐心 帮忙解决问题 下次还会来的
563,家庭客户,未知,其他,17,"小朋友非常喜欢
下次还会考虑入住。"
577,普通客户,未知,其他,5,隔音太差了
583,普通客户,未知,房间设施,11,房间有些小细节需要修改
596,普通客户,未知,"房间设施, 位置交通, 清洁卫生",155,乐山挺不错的一家酒店，风格设计的还不错，服务人员都非常好，很热情；卫生干净整洁，房间面积也挺大的，智能马桶很不错，热带雨林和花洒还能同时出水，还有防烫伤调节温度功能，尽显细节，在乐山这个旅游城市来说已经很不错了，距离美食街也不算远；办理入住的小郭快速效率高，退房的时候小方和小杨还送了乐山的特产米花糖，很热情。
616,普通客户,未知,其他,52,环境很好，对接的管家小帅小王和前台小钱服务都很好，酒店整体非常不错，可以说是零差评，给乐山之行锦上添花。
622,普通客户,未知,"房间设施, 位置交通",73,房间很不错 管家小方小帅服务体贴 下雨不方便出行还送了雨伞 前台办理入住也很丝滑全程服务都是甜美的笑容 体验很棒 这次来玩的很开心 下次还会过来的
626,普通客户,未知,"房间设施, 位置交通",87,这家酒店布置不错，有很多可爱的绿植，整体文化感比较强，晚上睡觉比较安静，酒店出来不远有大型商圈，吃东西方便，另外，小雪提供的管家服务周到，房间里的卡片估计是她写的，字很好看。
629,普通客户,未知,"价格争议, 预订问题",15,房型好，除了贵点，没什么缺点！
632,商务客户,未知,"房间设施, 餐饮问题, 位置交通",117,"服务：管家小方工作认真负责，为人真诚，服务太到位了，对酒店的好感顿时拉满。连出租车司机都说这家酒店的服务是乐山最佳。
设施：一流，别家没有的这家有。
餐饮：味道好，食材质量高，跷脚牛肉、蛋烘糕比外面的还好吃，水果质量远超很多大牌五星。"
636,普通客户,未知,位置交通,93,"特别喜欢他们的大门和大堂
过来听出租车师傅说这里是新区，离张公桥不太近不方便，但是住了后发现距离也还好，主要是酒店太棒，服务也很好，管家小方特别温柔耐心，下次来还会选这里，距离不是问题。"
647,商务客户,未知,"房间设施, 餐饮问题, 价格争议",84,原来住过贵阳的安珀几次就对这家酒店印象比较深刻，没想到乐山也有，这次来出差，没有丝毫的犹豫又来了。小黄经理和管家小周的服务超级好，也很贴心。房间很大很宽敞，早餐也很好吃
651,普通客户,未知,"房间设施, 价格争议, 预订问题",205,重庆自驾过来三个多小时 旁边都是新盘居多 房间风格好似中式与法式的融合 周边有万达广场 停车可以就停平层也有地下停车场 喜欢13楼和14楼是SPA接待处和spa与冥想的地方 很安静 spa做完也很舒服 感觉比大堂那些都要漂亮 酒店每层楼层高很高 房间距离嘉兴路那些开车大概十几分钟 附近有个熊老大过桥米线好吃 希望下次来能住到粉色那个房型 看起来很少女 前台小娟和管家小郭服务滴很贴心 电视不能投屏是...
652,普通客户,未知,"房间设施, 餐饮问题, 位置交通, 清洁卫生",109,酒店挺不错的，交通还算方便的，附近大商场，离高铁站也不远，提前预约了接送服务，司机祝师傅服务和小代服务很好。安珀酒店设计很有特点，房间卫生干净，设备质量不错。前台办理入住的小赵服务效率很高，还有早餐厅的小姑娘非常热情。
672,商务客户,未知,房间设施,63,安珀酒店整个配套设施是很不错的，工作人员服务很到位，小黄经理、前台小郭和小娟均专业热情，第一时间解决问题，下次到乐山再入住安珀
693,普通客户,未知,"房间设施, 清洁卫生",105,酒店挺好的，房间干净卫生空间大采光好，空调效果也好，前台小方响应迅速，及时解决各类问题，退房时还热情协助搬运行李，管家小娟在入住前主动联系，细心确认需求，服务贴心周到。整体体验很舒适，我们住的很满意，值得推荐。
695,商务客户,未知,"房间设施, 位置交通",128,这次入住安珀酒店非常满意！前台小郭和小方服务热情高效，工作人员快速办理入住和退房、解决需求，细节周到让人如沐春风。房间装修风格简约温馨，浅绿色背景墙+暖色调搭配自然，床品舒适，设施智能便捷。特别喜欢洗漱区域的设计，既美观又实用。整体体验远超预期，强烈推荐！
700,普通客户,未知,"房间设施, 餐饮问题",134,这次入住的酒店真的让我惊艳，从进门的那一刻起，热情的服务让我感受到温馨，前台小赵办理入住迅速，推荐美食，房间也很大舒适，酒店周边就是万达，逛也方便，管家小郭更是服务细心，有什么问题都是第一时间解决，推荐的油炸也好吃，早餐也很丰富，味道很赞，总之这是一次超棒的住宿体验。
701,普通客户,未知,房间设施,160,第二次来乐山游玩，第一次定安珀，实地到了酒店感觉很惊艳，体验特别好，给这次旅行增色不少。酒店装修风格独特别致，房间干净整洁，隔音效果好，晚上可以安心入睡。健身房器材齐全干净，装修也很大气。管家小赵亲切温暖，前台小李很热情，房间送的下午小点心很精致，迎宾水果新鲜好吃，拖鞋质量很好，穿起来很柔软。下次来还会继续定这家酒店。
702,普通客户,未知,房间设施,84,"前台小娟办理入住很迅速，活动都仔细给我们介绍了，房间需要送东西联系管家小方也是很快就送来了。提前告知了房间喜好，两个房间挨在一起很不错
唯一缺点，没有配备洗衣房和烘干机"
717,普通客户,未知,"房间设施, 清洁卫生",111,"安珀果然没让我失望…每天都有水果，小糕点，我们房间的管家服务也是超棒的，点名表扬管家小徐和小雷。
卫生：100分
设施：100分
环境：100分
服务：100分
迷你吧:牛奶、矿泉水、饮料都有
欢迎水果:每天都有
展开更多"
728,商务客户,未知,餐饮问题,71,这个酒店相当不错，我是经常出差的，经常住酒店，都被惊艳到了！比我在沿海住的很多五星级酒店都要好！特别是他们的早餐服务，管家小方服务也很贴心！！
735,普通客户,未知,房间设施,101,酒店整体来说都是不错的，在乐山这个城市应该是最好的了。整体偏法式风格，床垫很舒服，睡得很好。前台小娟办理入住退房很迅速，有需要联系管家小郭回应也很快。唯一的缺点就是差个送外卖的机器人。总体来说还是推荐！
736,普通客户,未知,其他,45,酒店设计感很强，很喜欢。管家小袁小方贴心周到，有问题及时处理，下次来乐山还会入住安珀酒店！
756,普通客户,未知,房间设施,235,"安珀酒店服务非常好。第一次入住给我升级了房间，房间非常宽敞舒适，各种设施也很好。整个酒店设计风格走奢华极简路线，个人很喜欢，唯一稍微有点想吐槽的是，设计过于极简导致房间里有些开关很难找🤣。
在高铁上非常临时地问管家有没有车站接送服务，管家小雷都能很及时地给我安排好司机。整个入住过程我有任何问题，小雷和小方都能及时回复我。服务非常好。送站当天，管家也帮我联系好司机早上提前上班送我们去车站。
另外，下..."
762,家庭客户,未知,其他,6,小朋友很喜欢
763,普通客户,未知,"房间设施, 餐饮问题, 预订问题",129,"房间挺新，挺雅致的。
服务人员很亲切，早餐的面条好好吃。
还有很基础的豆浆油条，油条很脆超好吃。
虽然菜品比较少，但是都很不错。
小酥肉香酥，水果🍉新鲜。
入住时还给升房了。
管家小帅，小代和经理小黄都很赞噢👍

周边还在建设中，希望可以越来越好。
展开更多"
768,普通客户,未知,餐饮问题,100,酒店艺术氛围，离万达也很近，早餐丰富有乐山特色翘脚牛肉等味道跟外面差不多，管家小代和小袁服务周到细心，会提前打电话联系，送外卖也很快，前台小郭也很专业办入住很快，非常满意，下次来乐山还会选择这家酒店！
770,普通客户,未知,其他,97,不愧是府邸式管家服务，非常棒，体验很好，入住前就会致电问我入住需求，尤其是小方和小帅，给我推荐美食，回复及时，有什么问题第一时间解答，前台退房的时候还送了伴手礼，很不错，下次来乐山还会选择安珀。
779,家庭客户,未知,"房间设施, 餐饮问题",165,"今年五月新开的，应该是当地最好的酒店了，硬件好于洲际标准，服务也贴心，专业管家服务，尤其前台小朱经理，check in,out都帮我们拿行李并送至停车场，点赞；另外酒店早餐丰富精致，大厨也非常热情专业，亲自在现场指导服务人员，我们有带小朋友想吃炒饭，也特意现做了炒饭；临走时还每个房间赠送了小礼品；唯一的不足就是健身房稍小了一点。"
784,商务客户,未知,"房间设施, 位置交通",284,"几乎找不到缺点的完美入住体验
房间非常干净舒适，环境优雅，干湿分离，配套用品非常贴心，还准备了丝瓜络，注重细节
房间里就提供了非常充足的饮用水，还有当地特色饮品、水果和小零食，银耳汤也很好喝
再说服务，这家酒店真的做到了宾至如归，从踏入大堂那一刻起，就能感受到工作人员的热情，从门口的管家到前台到客房服务人员，在酒店里遇到的每一位工作人员都是面带微笑，主动打招呼，热心提供咨询。
尤其我的管家小方和小..."
795,普通客户,未知,清洁卫生,9,卫生环境是没问题的
816,商务客户,未知,其他,69,前台帅哥小郭非常热情。服务很好。说话很温柔。管家小帅小代很热心的给我们解决入住。及时解决问题。外卖也能由她们工作人员亲自送上楼。棒棒哒👍🏻
825,普通客户,未知,价格争议,96,住过贵阳安珀就被种草了，这次到乐山毫不犹豫就定了乐山安珀，服务还是一如既往的好，管家小代和小帅有求必应，前台小钱也热情，唯一就是可能春节期间小孩比较多，楼上会有一阵阵的声音。临走还送了纪念品。
844,家庭客户,未知,其他,144,"首先呢，第一次带小朋友出去，管家小周倒是安排的挺好的，把小朋友的围栏什么的都考虑到了，尽心尽责。
其次，酒店新开的，各方面都挺好的，也没有味道，希望能一直保持下去。
最后，去乐山的最优之选，没有之一。

最大的遗憾，下雨了，不然可以晚上在露台吹吹风，喝喝酒，聊聊天，那才是舒服…
展开更多"
849,普通客户,未知,"房间设施, 餐饮问题, 预订问题",107,五一假期入住的，还给免费升级了房型。电梯里香香的，房间很大，隔音也非常好。有这么问题直接问管家，回复都非常及时，服务非常棒。感谢小袁小代和小祝的细心服务。酒店的早餐也非常丰盛和好吃。位子也比较多，假期也没有很拥挤🥳
850,情侣客户,未知,"餐饮问题, 清洁卫生",64,各方面都很不错 法式浪漫 管家小雷和小帅也很不错 服务态度特别好 下次来乐山度假也来住 卫生完全没问题 下午茶很不错 早餐也好吃
859,普通客户,未知,"房间设施, 餐饮问题",135,"非常不错的酒店，服务、环境、硬件设施、餐饮不止在乐山，在四川内也是非常优秀的。
早餐非常有特色，咖啡很专业，牛肉面、甜皮鸭也非常正宗，在酒店里能做到这个程度很难得，还有现烤的牛角包。服务态度也很好，任何疑问管家小周都在10分钟内回复，这点比后面峨眉山的酒店管家优秀很多👍"
866,普通客户,未知,其他,37,管家小代 小帅很热情 进出都会问候 小郭处理问题非常迅速 很满意的一次入住
881,家庭客户,未知,"房间设施, 餐饮问题, 管理问题",454,"这次入店体验服务超乎我的预期，订酒店的费用不是很高，所以预期也不是很高。到了酒店从设施，装修的时间，风格都是自己喜欢的，设施新，复古风！
在服务方面，感觉比华尔道夫酒店的服务更加贴心，我特别注重细节，从进入酒店，管家小赵发来很多当地的特色小吃和地图，还有房间配备的水果，晚上送来的甜品和管家亲笔留下的暖心简画和贴心的字条，这些小小的细节更能打动我！
离开酒店当天雨下得特别大，准备带孩子吃早餐，联系了..."
884,普通客户,未知,"房间设施, 餐饮问题",153,酒店环境设施很不错在乐山是数一数二的，整个装修设计很有格调，就在万达广场旁边.管家Mark 一路详细介绍服务周到，入住期间有问题及时给我们解决，办入住时前台小钱还帮我们做了升级，服务态度很好，第二天早餐是点餐形式的，品质很棒还不浪费，退房时黄经理还来了解我们的入住感受，我只能说不虚此行，很棒的一次入住体验
887,朋友聚会,未知,"房间设施, 餐饮问题, 价格争议, 位置交通",308,"酒店位置离高速出口不远，到市区吃饭和景点需要开车几公里，自驾的话比较方便。

设施：房间比较宽敞，马桶有卫洗丽，吹风是戴森，洗漱用品有漱口水。早餐品种在星级酒店里不算多，优点是不像其他酒店的全自动咖啡机，而是用的半自动，所以员工现场还可以制作dirty。

服务：管家小帅、小代和前台小颖的服务很亲切、贴心；入住会引导进房间作简单介绍；欢迎水果的荔枝很新鲜，小番茄用的千禧，还赠送了一瓶玻瓶的峨眉雪；..."
894,普通客户,未知,房间设施,61,环境非常棒 服务也非常好 管家小方小雪贴心处理所有问题 而且来玩还推荐本地旅游攻略 很舒服的体验 酒店设施齐全 住的很舒服
903,普通客户,未知,"房间设施, 餐饮问题, 清洁卫生",187,"1.酒店：环境非常好，房间干净卫生，前台小钱小王服务热情，有专人陪同办理入住及送到房间。
2.服务：酒店主打电话接站，司机小祝很早就在高铁站等，还贴心的带了雨伞，主动提行李。
3.用餐：酒店早餐很丰盛，食材很棒，牛肉面牛肉超级多，服务人员随时帮忙撤换餐盘，很用心，用晚餐还有经理模样的人主动问用餐情况，满意不满意。
4.下次过来还会继续住这家酒店，也希望酒店继续保持优质服务"
907,普通客户,未知,"房间设施, 餐饮问题",154,这次挑了很久最终选择了乐山安珀，非常满意，管家小代，小税有求必应，所有问题都耐心解答，周边环境，酒店的设施时间都有详细告知，非常不错，前台小颖也很耐心专业且快速的办理入住，有人送行李到房间，从到酒店到入住都很丝滑，酒店早餐的蛋烘糕真的深得我心，我吃了4个，哈哈哈哈，下次去乐山还会选择安珀，够新，服务品质在线
910,家庭客户,未知,"房间设施, 餐饮问题",97,出门几乎都是住五星，这家安柏的硬软件很合我们的喜好。甚至可以和超五星媲美，设计审美可以算是第一梯队，出现在乐山很惊喜。设备安心，早饭好吃。管家小祝也很负责任，唯一小缺点是11岁孩子需要正价早餐。
920,普通客户,未知,"房间设施, 位置交通",63,酒店位置在万达附近，距离美食街也不算远，吃的逛的也比较方便，房间设施齐全，管家小郭小娟服务很好，前台办理入住迅速，整体还不错。
928,普通客户,未知,餐饮问题,83,酒店硬件很超前。早餐人性化，客人多了吃自助，客人少了可点餐。管家小祝接恃热情，介紹服务专业，前台小税态度热情。对办理入住很专业。建议酒店给每个楼层电梯边放一个拉圾箱。
943,普通客户,未知,其他,38,在乐山难得一见的法式风格酒店，设计风格和服务态度都很棒，感谢管家小方和小徐！
952,普通客户,未知,"房间设施, 餐饮问题, 价格争议, 位置交通",447,"这次住的真的很舒服～酒店干净又漂亮。
进门就能看到手写卡片，超级用心，烧水壶很干净，无水垢，而且烧水巨快!!!
胶囊咖啡机很新，mini bar 还有峨眉雪，荔枝味超好喝!不够还可以续，就连矿泉水都好高级。
超大浴缸非常舒适，每天睡前都有赠送水果和甜点，夜宵米糊好好喝，椰蓉小点心也好好吃，洗浴用品是艾绰的，戴森吹风机，出热水很快。
酒店位置就在万达附近，周围好吃的特别多，半夜外卖都是前台直接给送上..."
959,普通客户,未知,"房间设施, 位置交通",292,"超越期望值的体验，入住之后安排了专门的管家，非常细心的照顾到了所有需求，超级满意。

入住的时候送了果盘，桌上有手写的欢迎卡片，迷你吧赠送了各类饮品，椰子水点赞！！！可以说比成都很多上千的酒店的品质都要好。

房间的格局很合理，内部设计也非常艺术，床品很干净舒适，晚上睡了很舒服的觉！用品配置很高端，汉斯格雅的卫浴，吹风机是戴森的，意外的是还提供了乳胶枕、薰衣草枕给我们，晚上还请管家安排了中草药泡脚..."
968,情侣客户,未知,"房间设施, 餐饮问题",122,"端午节带家人一起游乐山，选择了安珀酒店
酒店设施配套齐全
房间充满法式浪漫
早餐品种也很丰富
家人在乐山留下了非常难忘的印象
要感谢本次入住为我服务的管家小帅小代和前台小颖为我们提供了宾至如归的服务
下次来乐山还是会首选安珀酒店💖💖💖
展开更多"
969,朋友聚会,未知,"餐饮问题, 价格争议, 清洁卫生",249,听朋友讲乐山新开了一家安珀酒店还不错，趁着最近有点空闲时间就和夫人一道去很久未去的乐山玩一玩，入住了乐山心念已久的安珀酒店。因为在贵阳入住过安珀酒店 ，对安珀酒店的服务、风格、卫生情况均留下了很好的印象，不免两个酒店有一些比较。总之觉得乐山的酒店各方面与贵阳差不多，都很喜欢！从一订好房开始，酒店的服务就跟上了，前台小郭、管家Lip、西餐厅服务人员均有丰富的专业水平，相当不错！对提出的一些问题及时进...
992,普通客户,未知,"房间设施, 餐饮问题, 位置交通",177,第一次来乐山，也是第一次住安珀酒店，体验非常棒。酒店管家Jessica提前一天电话联系加了微信，安排了高铁站接送，司机小周师傅还帮我们介绍了一些本地人爱去的美食，前台Lola服务也很棒。早餐是点餐制，味道不错，房间设置也很新，胶囊咖啡机，卫洗丽都被配备齐全，非要说不足的话，离老城相对远一点，打出租或者快车，20元左右。乐山两天不太够，下次考虑多住几天。
993,普通客户,未知,房间设施,54,房间很不错，很宽敞，干湿分离，床也很舒服，管家小帅很好，有问题马上就能解决，下次来还会继续选择入住这家酒店。
1001,普通客户,未知,"房间设施, 餐饮问题, 清洁卫生",213,"体验感太好了 ！房间特别舒适，干净 入住的时候错过下午茶时间 管家贴心的送了一份小甜品 好吃！第二天去爬了峨眉山 累趴了 回到酒店，竟然有用保温杯装好的暖呼呼糖水 感动坏了😄早餐也非常不错 卖相和味道都很棒！适合小姐姐们打卡拍照喔。 还有我们的管家小帅和小周 特别好 凌晨还给我们送外卖 问能不能再送一份水果 也是马上就安排上来了 总之，真的很满意 下次去乐山一定会再次入住 🥳

卫生：好
环境：优..."
1004,家庭客户,未知,"餐饮问题, 价格争议",116,自驾游经过乐山，因为住过贵阳安珀酒店觉得没可挑剔的服务后，这次也选择了乐山安珀酒店同样非常满意，特别是管家Amy需然没见本人但提前一天就联系我了解入住需求，到酒店后又推荐附近美吃，还把小朋友的早餐也免了，服务真是很贴心！必须好评👍🏻
1017,普通客户,未知,"房间设施, 餐饮问题",221,房间宽敞干净，很新的装修，还有接送高铁服务，去的时候没有用上，回程免费送到高铁站，并且管家一直帮忙把行李拿到安检处才挥手离开，这服务确实没话说，早餐出品不错，样式不太多但是胜在味道好，在酒店就可以吃到乐山特色小吃钵钵鸡，下次再来乐山必定还是安柏，不足之处就是旁边有个工地，会有一小丢丢吵，但是不是特别影响，房间小吃、饮料全部免费，而且是很好喝的葡萄味和荔枝味，管家小帅和小袁服务很棒，给你们10分，希...
1026,商务客户,未知,"房间设施, 餐饮问题, 价格争议",175,发自内心的好评，结婚纪念日原本是选的其他酒店，刷到这个酒店很多好评又是新酒店，按以往的经验新酒店都很注重服务就选了这个酒店。结果是意外的满意，给管家Lulu、Mark说了是结婚纪念日想要个小蛋糕和花，管家给安排的妥妥的，另外还有接送站服务，酒店硬件设施也很好，工作人员都很友好热情，早餐虽然简单但也胜在精致，了解到贵阳还有这家店，准备有机会也去打卡。
1031,商务客户,未知,"房间设施, 餐饮问题",197,"很少评论，这家值得，确实不错。
到酒店门口就有一个美女（管家小朱）全程陪到我们办入住，很奇怪咋个还有工作人员全程跟到呢，一问才晓得是他们家的管家式服务，蛮新鲜。
酒店是新开业的，配置不错，花洒是汉斯格雅的，吹风机是戴森的，管家小朱送来的空气净化器也是戴森的，更夸张的是电梯里、房间里的蝴蝶兰还都是鲜花，看着确实好高级。
酒店早餐不错，看的出来是用心做了。
再来乐山的话，争取再住一次。
展开更多"
1039,普通客户,未知,"餐饮问题, 价格争议",121,这家酒店是一个法国品牌，酒店没有高大尚都门头，进去后里面的装修风格也是简单，低调奢华有内涵，隐秘性做的非常好，管家小袁服务周到，下次有机会再来会再次入住，体验感非常棒，目前中国有三家店，乐山，成都，贵阳，还有一个法式西餐厅简直不要太惊艳了我，
1044,普通客户,未知,"餐饮问题, 位置交通",38,管家小周的服务很赞，早餐特别好，整体入住体验远超预期，下次来乐山吃还住这家！
